KGISWardID,KGISWardCode,LGD_WardCode,KGISWardNo,KGISWardName,KGISTownCode,LST_mean_C,NDVI_mean,NDBI_mean,NDWI_mean,valid_pixels,lst_anomaly_C,built_up_risk,vegetation_deficit,wetness_signal,heat_class,diagnostic_class,primary_driver,secondary_driver,evidence_confidence,recommended_audit,intervention_package,expected_benefit_type,limitations,priority_score
4878,2003001,1303139.0,1,Kempegowda Ward,2003,42.01,0.3125,-0.0499,-0.3662,12633,-0.3200000000000003,Low,Low,Low,Average/Cool,Cooler than city average,N/A,N/A,N/A,N/A,N/A,N/A,N/A,0.544
4879,2003002,1303140.0,2,Chowdeswari Ward,2003,41.3,0.3706,-0.0461,-0.4222,7676,-1.0300000000000011,Low,Low,Low,Average/Cool,Cooler than city average,N/A,N/A,N/A,N/A,N/A,N/A,N/A,0.477
4882,2003003,1303141.0,3,Someshwara Ward,2003,40.55,0.3861,-0.0765,-0.4307,4302,-1.7800000000000011,Low,Low,Low,Average/Cool,Cooler than city average,N/A,N/A,N/A,N/A,N/A,N/A,N/A,0.376
4883,2003004,1303142.0,4,Atturu Layout,2003,41.62,0.2692,0.001,-0.3404,5582,-0.7100000000000009,High,High,Low,Average/Cool,Cooler than city average,N/A,N/A,N/A,N/A,N/A,N/A,N/A,0.625
4886,2003005,1303143.0,5,Yelahanka Satellite Town,2003,40.43,0.3669,-0.0764,-0.414,4493,-1.8999999999999986,Low,Low,Low,Average/Cool,Cooler than city average,N/A,N/A,N/A,N/A,N/A,N/A,N/A,0.38
4910,2003017,1303155.0,17,Shettihalli,2003,36.87,0.3229,-0.0091,-0.3844,2006,-5.460000000000001,Low,Low,Low,Average/Cool,Cooler than city average,N/A,N/A,N/A,N/A,N/A,N/A,N/A,0.3
4915,2003020,1303158.0,20,Mallasandra,2003,39.21,0.2658,0.0252,-0.3317,1168,-3.1199999999999974,High,High,Low,Average/Cool,Cooler than city average,N/A,N/A,N/A,N/A,N/A,N/A,N/A,0.521
4994,2003059,1302731.0,59,Mattikere,2003,41.58,0.2608,0.0005,-0.3172,1003,-0.75,High,High,Moderate,Average/Cool,Cooler than city average,N/A,N/A,N/A,N/A,N/A,N/A,N/A,0.624
4995,2003060,1302732.0,60,Aramane Nagara,2003,39.62,0.4416,-0.1101,-0.4587,8314,-2.710000000000001,Low,Low,Low,Average/Cool,Cooler than city average,N/A,N/A,N/A,N/A,N/A,N/A,N/A,0.235
4998,2003061,1302733.0,61,Malleswaram,2003,41.01,0.363,-0.0474,-0.3912,2009,-1.3200000000000003,Low,Low,Low,Average/Cool,Cooler than city average,N/A,N/A,N/A,N/A,N/A,N/A,N/A,0.457
4950,2003037,1302709.0,37,Chanakya,2003,42.58,0.2086,0.0381,-0.271,596,0.25,High,High,Moderate,Hot,High-priority combined heat hotspot,High built-up surface signal,Low vegetation signal,Very High,"Roof, pavement, canopy and commercial-building audit",Cool roofs + tree canopy + shaded parking + pavement changes,"Lower roof/pavement temperature, shade improvement, lower cooling demand","Glass ratio, AC waste heat and road density are not measured in current data",0.769
4958,2003041,1302713.0,41,Peenya,2003,43.49,0.2956,0.0181,-0.3386,3183,1.1600000000000037,High,Low,Low,Extreme,Built-up surface dominated heat,Built-up/impervious heat absorption,None,High,"Map roofs, asphalt, parking, dense commercial parcels","Cool roofs, pavement shading, reflective/permeable surfaces","Lower surface temperatures, reduced heat absorption",Roof materials and specific built structures are unknown,0.742
4922,2003023,1302695.0,23,Nelagadderanahalli,2003,42.67,0.2739,0.0383,-0.3235,4792,0.3400000000000034,High,High,Moderate,Hot,High-priority combined heat hotspot,High built-up surface signal,Low vegetation signal,Very High,"Roof, pavement, canopy and commercial-building audit",Cool roofs + tree canopy + shaded parking + pavement changes,"Lower roof/pavement temperature, shade improvement, lower cooling demand","Glass ratio, AC waste heat and road density are not measured in current data",0.737
4982,2003053,1302725.0,53,Nandini Layout,2003,41.01,0.338,-0.0465,-0.37,1055,-1.3200000000000003,Low,Low,Low,Average/Cool,Cooler than city average,N/A,N/A,N/A,N/A,N/A,N/A,N/A,0.472
4975,2003050,1302722.0,50,Marappana Palya,2003,42.68,0.2846,0.0068,-0.3272,2116,0.3500000000000014,High,Low,Moderate,Hot,Built-up surface dominated heat,Built-up/impervious heat absorption,None,High,"Map roofs, asphalt, parking, dense commercial parcels","Cool roofs, pavement shading, reflective/permeable surfaces","Lower surface temperatures, reduced heat absorption",Roof materials and specific built structures are unknown,0.683
4999,2003062,1302734.0,62,Subramanya Nagar,2003,40.62,0.2618,-0.0151,-0.3087,1051,-1.7100000000000009,Low,High,Moderate,Average/Cool,Cooler than city average,N/A,N/A,N/A,N/A,N/A,N/A,N/A,0.541
5003,2003064,1302736.0,64,Kadu Malleshwara,2003,40.63,0.3227,-0.042,-0.3666,1524,-1.6999999999999957,Low,Low,Low,Average/Cool,Cooler than city average,N/A,N/A,N/A,N/A,N/A,N/A,N/A,0.467
5006,2003065,1302737.0,65,Rajamahal Guttahalli,2003,40.92,0.3133,-0.0396,-0.3571,795,-1.4099999999999966,Low,Low,Low,Average/Cool,Cooler than city average,N/A,N/A,N/A,N/A,N/A,N/A,N/A,0.493
5114,2003119,1302791.0,119,New Bayappanahalli,2003,40.84,0.435,-0.0819,-0.4693,4068,-1.4899999999999949,Low,Low,Low,Average/Cool,Cooler than city average,N/A,N/A,N/A,N/A,N/A,N/A,N/A,0.357
5139,2003132,1302804.0,132,Dattatreya Temple,2003,42.11,0.2628,0.002,-0.3115,789,-0.21999999999999886,High,High,Moderate,Average/Cool,Cooler than city average,N/A,N/A,N/A,N/A,N/A,N/A,N/A,0.655
5143,2003134,1302806.0,134,Subhash Nagar,2003,42.51,0.3132,-0.0303,-0.3443,1463,0.17999999999999972,Low,Low,Low,Hot,Potential moisture-deficit zone,Limited visible wetness/moisture signal,None,Medium,"Verify lakes, drains, soil sealing, runoff","Blue-green infrastructure, rain gardens, permeable areas",Improved stormwater retention and local cooling,Does not directly measure drinking water or groundwater scarcity,0.598
5002,2003063,1302735.0,63,Gayithri Nagar,2003,41.54,0.2306,0.0171,-0.2835,721,-0.7899999999999991,High,High,Moderate,Average/Cool,Cooler than city average,N/A,N/A,N/A,N/A,N/A,N/A,N/A,0.662
4927,2003026,1302698.0,26,Hegganahalli,2003,44.28,0.2272,0.05,-0.2899,1661,1.9500000000000028,High,High,Moderate,Extreme,High-priority combined heat hotspot,High built-up surface signal,Low vegetation signal,Very High,"Roof, pavement, canopy and commercial-building audit",Cool roofs + tree canopy + shaded parking + pavement changes,"Lower roof/pavement temperature, shade improvement, lower cooling demand","Glass ratio, AC waste heat and road density are not measured in current data",0.877
4930,2003027,1302699.0,27,Sunkadakatte,2003,43.86,0.2148,0.0541,-0.2766,1387,1.5300000000000011,High,High,Moderate,Extreme,High-priority combined heat hotspot,High built-up surface signal,Low vegetation signal,Very High,"Roof, pavement, canopy and commercial-building audit",Cool roofs + tree canopy + shaded parking + pavement changes,"Lower roof/pavement temperature, shade improvement, lower cooling demand","Glass ratio, AC waste heat and road density are not measured in current data",0.865
4966,2003045,1302717.0,45,Vijayanagara Krishnadevaraya,2003,42.99,0.3044,0.0003,-0.3496,3287,0.6600000000000037,High,Low,Low,Hot,Built-up surface dominated heat,Built-up/impervious heat absorption,None,High,"Map roofs, asphalt, parking, dense commercial parcels","Cool roofs, pavement shading, reflective/permeable surfaces","Lower surface temperatures, reduced heat absorption",Roof materials and specific built structures are unknown,0.681
4987,2003056,1302728.0,56,Shankar Matt,2003,41.51,0.2467,-0.0059,-0.297,833,-0.8200000000000003,Low,High,Moderate,Average/Cool,Cooler than city average,N/A,N/A,N/A,N/A,N/A,N/A,N/A,0.616
4990,2003057,1302729.0,57,Shakthi Ganapathi Nagar,2003,41.59,0.2368,0.0079,-0.2874,749,-0.7399999999999949,High,High,Moderate,Average/Cool,Cooler than city average,N/A,N/A,N/A,N/A,N/A,N/A,N/A,0.647
4991,2003058,1302730.0,58,Vrisabhavathi Nagar,2003,43.28,0.1908,0.0542,-0.2454,869,0.9500000000000028,High,High,Moderate,Hot,High-priority combined heat hotspot,High built-up surface signal,Low vegetation signal,Very High,"Roof, pavement, canopy and commercial-building audit",Cool roofs + tree canopy + shaded parking + pavement changes,"Lower roof/pavement temperature, shade improvement, lower cooling demand","Glass ratio, AC waste heat and road density are not measured in current data",0.843
5166,2003145,1302817.0,145,Kamakshipalya,2003,41.64,0.2674,-0.014,-0.3155,1106,-0.6899999999999977,Low,High,Moderate,Average/Cool,Cooler than city average,N/A,N/A,N/A,N/A,N/A,N/A,N/A,0.6
5163,2003144,1302816.0,144,Basaveshwara Nagar,2003,41.33,0.2865,-0.0277,-0.3331,933,-1.0,Low,Low,Low,Average/Cool,Cooler than city average,N/A,N/A,N/A,N/A,N/A,N/A,N/A,0.55
5162,2003143,1302815.0,143,Shivanagara,2003,41.5,0.2694,-0.0154,-0.3123,810,-0.8299999999999983,Low,High,Moderate,Average/Cool,Cooler than city average,N/A,N/A,N/A,N/A,N/A,N/A,N/A,0.587
5158,2003141,1302813.0,141,Rajaji Nagar,2003,41.45,0.293,-0.017,-0.3304,933,-0.8799999999999955,Low,Low,Moderate,Average/Cool,Cooler than city average,N/A,N/A,N/A,N/A,N/A,N/A,N/A,0.568
5159,2003142,1302814.0,142,Sriramamandir,2003,41.81,0.2874,-0.0193,-0.3304,1174,-0.519999999999996,Low,Low,Moderate,Average/Cool,Cooler than city average,N/A,N/A,N/A,N/A,N/A,N/A,N/A,0.59
5155,2003140,1302812.0,140,Prakash Nagar,2003,41.25,0.2931,-0.0183,-0.3293,622,-1.0799999999999983,Low,Low,Moderate,Average/Cool,Cooler than city average,N/A,N/A,N/A,N/A,N/A,N/A,N/A,0.554
5154,2003139,1302811.0,139,Dayananda Nagar,2003,42.14,0.2261,0.0278,-0.2805,503,-0.18999999999999773,High,High,Moderate,Average/Cool,Cooler than city average,N/A,N/A,N/A,N/A,N/A,N/A,N/A,0.716
5146,2003135,1302807.0,135,Okalipuram,2003,42.16,0.2997,-0.0108,-0.3356,908,-0.1700000000000017,Low,Low,Low,Average/Cool,Cooler than city average,N/A,N/A,N/A,N/A,N/A,N/A,N/A,0.616
5142,2003133,1302805.0,133,Gandhinagar,2003,42.29,0.2931,-0.0132,-0.3304,2136,-0.03999999999999915,Low,Low,Moderate,Average/Cool,Cooler than city average,N/A,N/A,N/A,N/A,N/A,N/A,N/A,0.624
5135,2003130,1302802.0,130,Bharathi Nagar,2003,41.71,0.2758,0.0088,-0.3241,739,-0.6199999999999974,High,High,Moderate,Average/Cool,Cooler than city average,N/A,N/A,N/A,N/A,N/A,N/A,N/A,0.634
5138,2003131,1302803.0,131,Ulsoor,2003,41.28,0.3157,-0.0355,-0.3644,2063,-1.0499999999999972,Low,Low,Low,Average/Cool,Cooler than city average,N/A,N/A,N/A,N/A,N/A,N/A,N/A,0.52
5115,2003120,1302792.0,120,Hoysala Nagar,2003,40.62,0.3594,-0.0546,-0.3984,1728,-1.7100000000000009,Low,Low,Low,Average/Cool,Cooler than city average,N/A,N/A,N/A,N/A,N/A,N/A,N/A,0.427
5126,2003125,1302797.0,125,Konena Agrahara,2003,42.5,0.2501,0.0065,-0.314,995,0.1700000000000017,High,High,Moderate,Hot,High-priority combined heat hotspot,High built-up surface signal,Low vegetation signal,Very High,"Roof, pavement, canopy and commercial-building audit",Cool roofs + tree canopy + shaded parking + pavement changes,"Lower roof/pavement temperature, shade improvement, lower cooling demand","Glass ratio, AC waste heat and road density are not measured in current data",0.694
5151,2003138,1302810.0,138,Chickpete,2003,42.31,0.1689,0.0697,-0.2286,789,-0.01999999999999602,High,High,Moderate,Average/Cool,Cooler than city average,N/A,N/A,N/A,N/A,N/A,N/A,N/A,0.822
5150,2003137,1302809.0,137,Cottonpete,2003,42.8,0.2707,0.0055,-0.3158,846,0.46999999999999886,High,High,Moderate,Hot,High-priority combined heat hotspot,High built-up surface signal,Low vegetation signal,Very High,"Roof, pavement, canopy and commercial-building audit",Cool roofs + tree canopy + shaded parking + pavement changes,"Lower roof/pavement temperature, shade improvement, lower cooling demand","Glass ratio, AC waste heat and road density are not measured in current data",0.696
5147,2003136,1302808.0,136,Binnipete,2003,42.95,0.2227,0.0384,-0.2749,860,0.6200000000000045,High,High,Moderate,Hot,High-priority combined heat hotspot,High built-up surface signal,Low vegetation signal,Very High,"Roof, pavement, canopy and commercial-building audit",Cool roofs + tree canopy + shaded parking + pavement changes,"Lower roof/pavement temperature, shade improvement, lower cooling demand","Glass ratio, AC waste heat and road density are not measured in current data",0.782
4942,2003033,1302705.0,33,Kengeri,2003,42.61,0.3323,-0.0269,-0.3787,2849,0.28000000000000114,Low,Low,Low,Hot,Potential moisture-deficit zone,Limited visible wetness/moisture signal,None,Medium,"Verify lakes, drains, soil sealing, runoff","Blue-green infrastructure, rain gardens, permeable areas",Improved stormwater retention and local cooling,Does not directly measure drinking water or groundwater scarcity,0.602
6926,2003210,,210,Basavanagudi,2003,41.1,0.2793,-0.0171,-0.3273,1238,-1.2299999999999969,Low,Low,Moderate,Average/Cool,Cooler than city average,N/A,N/A,N/A,N/A,N/A,N/A,N/A,0.557
6927,2003212,,212,Srinivasa Nagar,2003,42.03,0.234,0.0049,-0.2901,796,-0.29999999999999716,High,High,Moderate,Average/Cool,Cooler than city average,N/A,N/A,N/A,N/A,N/A,N/A,N/A,0.671
6928,2003213,,213,Srinagar,2003,41.68,0.2342,0.0018,-0.2877,935,-0.6499999999999986,High,High,Moderate,Average/Cool,Cooler than city average,N/A,N/A,N/A,N/A,N/A,N/A,N/A,0.645
6929,2003214,,214,Girinagar,2003,40.97,0.292,-0.0352,-0.3393,1565,-1.3599999999999994,Low,Low,Low,Average/Cool,Cooler than city average,N/A,N/A,N/A,N/A,N/A,N/A,N/A,0.515
4943,2003034,1302706.0,34,Bande Mutt,2003,43.79,0.3302,0.0007,-0.3863,7537,1.4600000000000009,High,Low,Low,Extreme,Built-up surface dominated heat,Built-up/impervious heat absorption,None,High,"Map roofs, asphalt, parking, dense commercial parcels","Cool roofs, pavement shading, reflective/permeable surfaces","Lower surface temperatures, reduced heat absorption",Roof materials and specific built structures are unknown,0.717
6930,2003243,,243,Kudlu,2003,43.2,0.2917,0.0078,-0.3466,3707,0.8700000000000045,High,Low,Low,Hot,Built-up surface dominated heat,Built-up/impervious heat absorption,None,High,"Map roofs, asphalt, parking, dense commercial parcels","Cool roofs, pavement shading, reflective/permeable surfaces","Lower surface temperatures, reduced heat absorption",Roof materials and specific built structures are unknown,0.713
5087,2003106,1302778.0,106,Hudi,2003,43.37,0.2577,0.0155,-0.3225,10006,1.0399999999999991,High,High,Moderate,Extreme,High-priority combined heat hotspot,High built-up surface signal,Low vegetation signal,Very High,"Roof, pavement, canopy and commercial-building audit",Cool roofs + tree canopy + shaded parking + pavement changes,"Lower roof/pavement temperature, shade improvement, lower cooling demand","Glass ratio, AC waste heat and road density are not measured in current data",0.755
5106,2003115,1302787.0,115,Bellanduru,2003,41.81,0.3258,-0.0315,-0.3769,10553,-0.519999999999996,Low,Low,Low,Average/Cool,Cooler than city average,N/A,N/A,N/A,N/A,N/A,N/A,N/A,0.553
5103,2003114,1302786.0,114,Marathahalli,2003,43.28,0.2209,0.0397,-0.2919,4719,0.9500000000000028,High,High,Moderate,Hot,High-priority combined heat hotspot,High built-up surface signal,Low vegetation signal,Very High,"Roof, pavement, canopy and commercial-building audit",Cool roofs + tree canopy + shaded parking + pavement changes,"Lower roof/pavement temperature, shade improvement, lower cooling demand","Glass ratio, AC waste heat and road density are not measured in current data",0.808
5090,2003107,1302779.0,107,Garudachar Playa,2003,42.92,0.253,0.0194,-0.3093,2579,0.5900000000000034,High,High,Moderate,Hot,High-priority combined heat hotspot,High built-up surface signal,Low vegetation signal,Very High,"Roof, pavement, canopy and commercial-building audit",Cool roofs + tree canopy + shaded parking + pavement changes,"Lower roof/pavement temperature, shade improvement, lower cooling demand","Glass ratio, AC waste heat and road density are not measured in current data",0.735
5119,2003122,1302794.0,122,New Thippasandra,2003,41.34,0.346,-0.0514,-0.3805,2919,-0.9899999999999949,Low,Low,Low,Average/Cool,Cooler than city average,N/A,N/A,N/A,N/A,N/A,N/A,N/A,0.481
5122,2003123,1302795.0,123,Jalakanteshwara Nagara,2003,42.0,0.2213,-0.0028,-0.28,1626,-0.3299999999999983,High,High,Moderate,Average/Cool,Cooler than city average,N/A,N/A,N/A,N/A,N/A,N/A,N/A,0.665
4978,2003051,1302723.0,51,Nagapura,2003,40.69,0.2956,-0.029,-0.3383,1902,-1.6400000000000006,Low,Low,Low,Average/Cool,Cooler than city average,N/A,N/A,N/A,N/A,N/A,N/A,N/A,0.505
4983,2003054,1302726.0,54,Jai Maruthinagara,2003,41.56,0.2524,-0.0108,-0.2952,662,-0.769999999999996,Low,High,Moderate,Average/Cool,Cooler than city average,N/A,N/A,N/A,N/A,N/A,N/A,N/A,0.607
4986,2003055,1302727.0,55,Puneet Rajkumar,2003,41.7,0.2341,-0.0015,-0.2804,736,-0.6299999999999955,High,High,Moderate,Average/Cool,Cooler than city average,N/A,N/A,N/A,N/A,N/A,N/A,N/A,0.64
5134,2003129,1302801.0,129,Sampangiram Nagar,2003,39.56,0.4404,-0.1206,-0.4504,3937,-2.769999999999996,Low,Low,Low,Average/Cool,Cooler than city average,N/A,N/A,N/A,N/A,N/A,N/A,N/A,0.215
5118,2003121,1302793.0,121,Old Thippasandra,2003,40.31,0.3686,-0.0676,-0.405,2298,-2.019999999999996,Low,Low,Low,Average/Cool,Cooler than city average,N/A,N/A,N/A,N/A,N/A,N/A,N/A,0.384
5123,2003124,1302796.0,124,Jeevanbhima Nagar,2003,40.11,0.408,-0.0826,-0.4307,2743,-2.219999999999999,Low,Low,Low,Average/Cool,Cooler than city average,N/A,N/A,N/A,N/A,N/A,N/A,N/A,0.325
4955,2003040,1302712.0,40,Veeramadakari,2003,40.91,0.3994,-0.0504,-0.4317,5549,-1.4200000000000017,Low,Low,Low,Average/Cool,Cooler than city average,N/A,N/A,N/A,N/A,N/A,N/A,N/A,0.428
5062,2003093,1302765.0,93,HAL Airport,2003,44.51,0.3413,0.0059,-0.3904,8099,2.1799999999999997,High,Low,Low,Extreme,Built-up surface dominated heat,Built-up/impervious heat absorption,None,High,"Map roofs, asphalt, parking, dense commercial parcels","Cool roofs, pavement shading, reflective/permeable surfaces","Lower surface temperatures, reduced heat absorption",Roof materials and specific built structures are unknown,0.76
4959,2003042,1302714.0,42,Lakshmi Devi Nagar,2003,43.36,0.2447,0.0458,-0.3015,896,1.0300000000000011,High,High,Moderate,Extreme,High-priority combined heat hotspot,High built-up surface signal,Low vegetation signal,Very High,"Roof, pavement, canopy and commercial-building audit",Cool roofs + tree canopy + shaded parking + pavement changes,"Lower roof/pavement temperature, shade improvement, lower cooling demand","Glass ratio, AC waste heat and road density are not measured in current data",0.806
4938,2003031,1302703.0,31,Doddagollarahatti,2003,43.56,0.3001,0.0218,-0.3674,8190,1.230000000000004,High,Low,Low,Extreme,Built-up surface dominated heat,Built-up/impervious heat absorption,None,High,"Map roofs, asphalt, parking, dense commercial parcels","Cool roofs, pavement shading, reflective/permeable surfaces","Lower surface temperatures, reduced heat absorption",Roof materials and specific built structures are unknown,0.754
4939,2003032,1302704.0,32,Ullal,2003,43.07,0.328,-0.0094,-0.3826,5720,0.740000000000002,Low,Low,Low,Hot,Potential moisture-deficit zone,Limited visible wetness/moisture signal,None,Medium,"Verify lakes, drains, soil sealing, runoff","Blue-green infrastructure, rain gardens, permeable areas",Improved stormwater retention and local cooling,Does not directly measure drinking water or groundwater scarcity,0.66
4918,2003021,1303159.0,21,T Dasarahalli,2003,37.87,0.2343,0.0331,-0.2897,903,-4.460000000000001,High,High,Moderate,Average/Cool,Cooler than city average,N/A,N/A,N/A,N/A,N/A,N/A,N/A,0.469
4919,2003022,1303160.0,22,Chokkasandra,2003,38.84,0.2682,0.0223,-0.3182,696,-3.489999999999995,High,High,Moderate,Average/Cool,Cooler than city average,N/A,N/A,N/A,N/A,N/A,N/A,N/A,0.491
4923,2003024,1302696.0,24,Rajagopal Nagar,2003,42.97,0.2694,0.0275,-0.3143,2068,0.6400000000000006,High,High,Moderate,Hot,High-priority combined heat hotspot,High built-up surface signal,Low vegetation signal,Very High,"Roof, pavement, canopy and commercial-building audit",Cool roofs + tree canopy + shaded parking + pavement changes,"Lower roof/pavement temperature, shade improvement, lower cooling demand","Glass ratio, AC waste heat and road density are not measured in current data",0.74
4926,2003025,1302697.0,25,Rajeshwari Nagar,2003,44.0,0.2408,0.0337,-0.3028,1342,1.6700000000000017,High,High,Moderate,Extreme,High-priority combined heat hotspot,High built-up surface signal,Low vegetation signal,Very High,"Roof, pavement, canopy and commercial-building audit",Cool roofs + tree canopy + shaded parking + pavement changes,"Lower roof/pavement temperature, shade improvement, lower cooling demand","Glass ratio, AC waste heat and road density are not measured in current data",0.828
4962,2003043,1302715.0,43,Ranadheera Kanteerava,2003,42.94,0.2199,0.0275,-0.2754,1149,0.6099999999999994,High,High,Moderate,Hot,High-priority combined heat hotspot,High built-up surface signal,Low vegetation signal,Very High,"Roof, pavement, canopy and commercial-building audit",Cool roofs + tree canopy + shaded parking + pavement changes,"Lower roof/pavement temperature, shade improvement, lower cooling demand","Glass ratio, AC waste heat and road density are not measured in current data",0.767
4963,2003044,1302716.0,44,Veera Sindhura Lakshamana,2003,43.37,0.2343,0.0416,-0.2964,1543,1.0399999999999991,High,High,Moderate,Extreme,High-priority combined heat hotspot,High built-up surface signal,Low vegetation signal,Very High,"Roof, pavement, canopy and commercial-building audit",Cool roofs + tree canopy + shaded parking + pavement changes,"Lower roof/pavement temperature, shade improvement, lower cooling demand","Glass ratio, AC waste heat and road density are not measured in current data",0.807
4967,2003046,1302718.0,46,Sir M. Vishweshwaraiah,2003,44.03,0.2676,0.0247,-0.3275,4056,1.7000000000000028,High,High,Moderate,Extreme,High-priority combined heat hotspot,High built-up surface signal,Low vegetation signal,Very High,"Roof, pavement, canopy and commercial-building audit",Cool roofs + tree canopy + shaded parking + pavement changes,"Lower roof/pavement temperature, shade improvement, lower cooling demand","Glass ratio, AC waste heat and road density are not measured in current data",0.802
4970,2003047,1302719.0,47,Nalvadi Krishnaraja Wadior Park,2003,42.5,0.2815,0.0025,-0.3431,3783,0.1700000000000017,High,Low,Low,Hot,Built-up surface dominated heat,Built-up/impervious heat absorption,None,High,"Map roofs, asphalt, parking, dense commercial parcels","Cool roofs, pavement shading, reflective/permeable surfaces","Lower surface temperatures, reduced heat absorption",Roof materials and specific built structures are unknown,0.671
4947,2003036,1302708.0,36,Chatrapati Shivaji,2003,42.54,0.2851,0.0077,-0.3303,1909,0.21000000000000085,High,Low,Moderate,Hot,Built-up surface dominated heat,Built-up/impervious heat absorption,None,High,"Map roofs, asphalt, parking, dense commercial parcels","Cool roofs, pavement shading, reflective/permeable surfaces","Lower surface temperatures, reduced heat absorption",Roof materials and specific built structures are unknown,0.676
4971,2003048,1302720.0,48,Jnana Bharathi,2003,41.84,0.3836,-0.0354,-0.4188,11055,-0.4899999999999949,Low,Low,Low,Average/Cool,Cooler than city average,N/A,N/A,N/A,N/A,N/A,N/A,N/A,0.514
4974,2003049,1302721.0,49,Rajarajeshwari Nagar,2003,42.21,0.3379,-0.0218,-0.3908,8376,-0.11999999999999744,Low,Low,Low,Average/Cool,Cooler than city average,N/A,N/A,N/A,N/A,N/A,N/A,N/A,0.585
5110,2003117,1302789.0,117,C V Raman Nagar,2003,41.02,0.3649,-0.0594,-0.3988,3372,-1.3099999999999952,Low,Low,Low,Average/Cool,Cooler than city average,N/A,N/A,N/A,N/A,N/A,N/A,N/A,0.439
5111,2003118,1302790.0,118,Lal Bahadur Nagar,2003,41.68,0.3624,-0.0306,-0.4063,4203,-0.6499999999999986,Low,Low,Low,Average/Cool,Cooler than city average,N/A,N/A,N/A,N/A,N/A,N/A,N/A,0.525
6931,2003211,,211,Hanumanth Nagar,2003,40.87,0.323,-0.0638,-0.353,1300,-1.4600000000000009,Low,Low,Low,Average/Cool,Cooler than city average,N/A,N/A,N/A,N/A,N/A,N/A,N/A,0.445
4979,2003052,1302724.0,52,Mahalakshimpuram,2003,41.3,0.2996,-0.0335,-0.3389,1041,-1.0300000000000011,Low,Low,Low,Average/Cool,Cooler than city average,N/A,N/A,N/A,N/A,N/A,N/A,N/A,0.531
6932,2003216,,216,Vidyapeeta ward,2003,41.6,0.2705,-0.0216,-0.3205,951,-0.7299999999999969,Low,High,Moderate,Average/Cool,Cooler than city average,N/A,N/A,N/A,N/A,N/A,N/A,N/A,0.585
6933,2003215,,215,Katriguppe,2003,41.1,0.2481,-0.0104,-0.304,1072,-1.2299999999999969,Low,High,Moderate,Average/Cool,Cooler than city average,N/A,N/A,N/A,N/A,N/A,N/A,N/A,0.586
6934,2003224,,224,Anjanapura,2003,44.13,0.3457,0.0079,-0.4046,12454,1.8000000000000043,High,Low,Low,Extreme,Built-up surface dominated heat,Built-up/impervious heat absorption,None,High,"Map roofs, asphalt, parking, dense commercial parcels","Cool roofs, pavement shading, reflective/permeable surfaces","Lower surface temperatures, reduced heat absorption",Roof materials and specific built structures are unknown,0.74
5238,2003181,1302853.0,181,Shantala Nagar,2003,40.35,0.3706,-0.07,-0.4012,4594,-1.9799999999999969,Low,Low,Low,Average/Cool,Cooler than city average,N/A,N/A,N/A,N/A,N/A,N/A,N/A,0.38
6935,2003200,,200,Yediyur,2003,40.24,0.3023,-0.0456,-0.337,1289,-2.0899999999999963,Low,Low,Low,Average/Cool,Cooler than city average,N/A,N/A,N/A,N/A,N/A,N/A,N/A,0.448
5210,2003167,1302839.0,167,Jagajivanaram Nagar,2003,42.18,0.3161,-0.0207,-0.3509,755,-0.14999999999999858,Low,Low,Low,Average/Cool,Cooler than city average,N/A,N/A,N/A,N/A,N/A,N/A,N/A,0.593
6936,2003218,,218,Subramanyapura,2003,42.08,0.3535,-0.0102,-0.4056,9691,-0.25,Low,Low,Low,Average/Cool,Cooler than city average,N/A,N/A,N/A,N/A,N/A,N/A,N/A,0.586
6937,2003229,,229,Ibluru,2003,42.26,0.295,0.0351,-0.3471,3798,-0.07000000000000028,High,Low,Low,Average/Cool,Cooler than city average,N/A,N/A,N/A,N/A,N/A,N/A,N/A,0.697
6938,2003228,,228,Naganathapura,2003,44.19,0.2657,0.0255,-0.3357,5413,1.8599999999999994,High,High,Low,Extreme,High-priority combined heat hotspot,High built-up surface signal,Low vegetation signal,Very High,"Roof, pavement, canopy and commercial-building audit",Cool roofs + tree canopy + shaded parking + pavement changes,"Lower roof/pavement temperature, shade improvement, lower cooling demand","Glass ratio, AC waste heat and road density are not measured in current data",0.815
5018,2003071,1302743.0,71,Chamundi Nagara,2003,41.76,0.2231,0.029,-0.2811,739,-0.5700000000000003,High,High,Moderate,Average/Cool,Cooler than city average,N/A,N/A,N/A,N/A,N/A,N/A,N/A,0.698
6939,2003239,,239,Hulimavu,2003,42.29,0.322,-0.019,-0.3737,5222,-0.03999999999999915,Low,Low,Low,Average/Cool,Cooler than city average,N/A,N/A,N/A,N/A,N/A,N/A,N/A,0.602
5214,2003169,1302841.0,169,Devaraj Urs Nagar,2003,43.8,0.2099,0.0611,-0.2535,506,1.4699999999999989,High,High,Moderate,Extreme,High-priority combined heat hotspot,High built-up surface signal,Low vegetation signal,Very High,"Roof, pavement, canopy and commercial-building audit",Cool roofs + tree canopy + shaded parking + pavement changes,"Lower roof/pavement temperature, shade improvement, lower cooling demand","Glass ratio, AC waste heat and road density are not measured in current data",0.871
6940,2003241,,241,Puttenahalli - Sarakki Lake,2003,40.87,0.1858,-0.0323,-0.2192,1490,-1.4600000000000009,Low,High,Moderate,Average/Cool,Cooler than city average,N/A,N/A,N/A,N/A,N/A,N/A,N/A,0.567
5234,2003179,1302851.0,179,Jogupalya,2003,41.26,0.2942,-0.0236,-0.35,1317,-1.0700000000000003,Low,Low,Low,Average/Cool,Cooler than city average,N/A,N/A,N/A,N/A,N/A,N/A,N/A,0.55
5231,2003178,1302850.0,178,Domlur,2003,40.79,0.3673,-0.0646,-0.4077,2518,-1.5399999999999991,Low,Low,Low,Average/Cool,Cooler than city average,N/A,N/A,N/A,N/A,N/A,N/A,N/A,0.418
6941,2003222,,222,RBI layout,2003,41.12,0.3055,-0.0366,-0.3507,2036,-1.2100000000000009,Low,Low,Low,Average/Cool,Cooler than city average,N/A,N/A,N/A,N/A,N/A,N/A,N/A,0.514
5198,2003161,1302833.0,161,Attiguppe,2003,41.1,0.2939,-0.0322,-0.3388,1566,-1.2299999999999969,Low,Low,Low,Average/Cool,Cooler than city average,N/A,N/A,N/A,N/A,N/A,N/A,N/A,0.526
5195,2003160,1302832.0,160,Bapuji Nagar,2003,43.14,0.1999,0.0511,-0.2486,508,0.8100000000000023,High,High,Moderate,Hot,High-priority combined heat hotspot,High built-up surface signal,Low vegetation signal,Very High,"Roof, pavement, canopy and commercial-building audit",Cool roofs + tree canopy + shaded parking + pavement changes,"Lower roof/pavement temperature, shade improvement, lower cooling demand","Glass ratio, AC waste heat and road density are not measured in current data",0.824
4954,2003039,1302711.0,39,Kanneshwara Rama,2003,40.22,0.4302,-0.0856,-0.4543,2519,-2.1099999999999994,Low,Low,Low,Average/Cool,Cooler than city average,N/A,N/A,N/A,N/A,N/A,N/A,N/A,0.316
5211,2003168,1302840.0,168,Padarayanapura,2003,43.17,0.2535,0.0349,-0.2966,565,0.8400000000000034,High,High,Moderate,Hot,High-priority combined heat hotspot,High built-up surface signal,Low vegetation signal,Very High,"Roof, pavement, canopy and commercial-building audit",Cool roofs + tree canopy + shaded parking + pavement changes,"Lower roof/pavement temperature, shade improvement, lower cooling demand","Glass ratio, AC waste heat and road density are not measured in current data",0.771
6942,2003220,,220,Yelachenahalli,2003,42.46,0.2312,0.0202,-0.2833,1128,0.13000000000000256,High,High,Moderate,Hot,High-priority combined heat hotspot,High built-up surface signal,Low vegetation signal,Very High,"Roof, pavement, canopy and commercial-building audit",Cool roofs + tree canopy + shaded parking + pavement changes,"Lower roof/pavement temperature, shade improvement, lower cooling demand","Glass ratio, AC waste heat and road density are not measured in current data",0.72
4951,2003038,1302710.0,38,J P Park,2003,42.33,0.2993,-0.0151,-0.3558,1524,0.0,Low,Low,Low,Average/Cool,Cooler than city average,N/A,N/A,N/A,N/A,N/A,N/A,N/A,0.624
5207,2003166,1302838.0,166,Chalavadipalya,2003,43.8,0.265,0.0166,-0.307,491,1.4699999999999989,High,High,Moderate,Extreme,High-priority combined heat hotspot,High built-up surface signal,Low vegetation signal,Very High,"Roof, pavement, canopy and commercial-building audit",Cool roofs + tree canopy + shaded parking + pavement changes,"Lower roof/pavement temperature, shade improvement, lower cooling demand","Glass ratio, AC waste heat and road density are not measured in current data",0.774
6943,2003236,,236,Devarachikkanahalli,2003,43.29,0.2285,0.0272,-0.2895,1989,0.9600000000000009,High,High,Moderate,Hot,High-priority combined heat hotspot,High built-up surface signal,Low vegetation signal,Very High,"Roof, pavement, canopy and commercial-building audit",Cool roofs + tree canopy + shaded parking + pavement changes,"Lower roof/pavement temperature, shade improvement, lower cooling demand","Glass ratio, AC waste heat and road density are not measured in current data",0.783
5190,2003157,1302829.0,157,Vijayanagar,2003,42.0,0.2363,0.0032,-0.2827,605,-0.3299999999999983,High,High,Moderate,Average/Cool,Cooler than city average,N/A,N/A,N/A,N/A,N/A,N/A,N/A,0.664
6944,2003231,,231,Mangammanapalya,2003,43.66,0.1955,0.0466,-0.2573,1183,1.3299999999999983,High,High,Moderate,Extreme,High-priority combined heat hotspot,High built-up surface signal,Low vegetation signal,Very High,"Roof, pavement, canopy and commercial-building audit",Cool roofs + tree canopy + shaded parking + pavement changes,"Lower roof/pavement temperature, shade improvement, lower cooling demand","Glass ratio, AC waste heat and road density are not measured in current data",0.852
6945,2003221,,221,Konanakunte,2003,42.49,0.3459,-0.0194,-0.3916,5017,0.1600000000000037,Low,Low,Low,Hot,Potential moisture-deficit zone,Limited visible wetness/moisture signal,None,Medium,"Verify lakes, drains, soil sealing, runoff","Blue-green infrastructure, rain gardens, permeable areas",Improved stormwater retention and local cooling,Does not directly measure drinking water or groundwater scarcity,0.599
6946,2003238,,238,Arakere,2003,42.31,0.2743,-0.0042,-0.3305,2583,-0.01999999999999602,Low,High,Moderate,Average/Cool,Cooler than city average,N/A,N/A,N/A,N/A,N/A,N/A,N/A,0.652
6947,2003242,,242,Jaraganahalli,2003,42.4,0.2272,0.0252,-0.2812,834,0.07000000000000028,High,High,Moderate,Hot,High-priority combined heat hotspot,High built-up surface signal,Low vegetation signal,Very High,"Roof, pavement, canopy and commercial-building audit",Cool roofs + tree canopy + shaded parking + pavement changes,"Lower roof/pavement temperature, shade improvement, lower cooling demand","Glass ratio, AC waste heat and road density are not measured in current data",0.727
6948,2003223,,223,Chunchaghatta,2003,42.12,0.2961,-0.0209,-0.3518,3297,-0.21000000000000085,Low,Low,Low,Average/Cool,Cooler than city average,N/A,N/A,N/A,N/A,N/A,N/A,N/A,0.604
6949,2003230,,230,Agara,2003,41.17,0.2777,-0.0413,-0.3176,4027,-1.1599999999999966,Low,High,Moderate,Average/Cool,Cooler than city average,N/A,N/A,N/A,N/A,N/A,N/A,N/A,0.524
6950,2003205,,205,Vikram Nagar,2003,41.38,0.3144,-0.0487,-0.3572,1392,-0.9499999999999957,Low,Low,Low,Average/Cool,Cooler than city average,N/A,N/A,N/A,N/A,N/A,N/A,N/A,0.506
6951,2003225,,225,Gottigere,2003,42.93,0.3161,-0.0008,-0.3701,5291,0.6000000000000014,High,Low,Low,Hot,Built-up surface dominated heat,Built-up/impervious heat absorption,None,High,"Map roofs, asphalt, parking, dense commercial parcels","Cool roofs, pavement shading, reflective/permeable surfaces","Lower surface temperatures, reduced heat absorption",Roof materials and specific built structures are unknown,0.671
6952,2003201,,201,Umamaheshwara Ward,2003,40.7,0.3046,-0.0357,-0.3453,1390,-1.6299999999999955,Low,Low,Low,Average/Cool,Cooler than city average,N/A,N/A,N/A,N/A,N/A,N/A,N/A,0.49
6953,2003204,,204,Kumaraswamy Layout,2003,41.55,0.2815,-0.0155,-0.3271,1126,-0.7800000000000011,Low,Low,Moderate,Average/Cool,Cooler than city average,N/A,N/A,N/A,N/A,N/A,N/A,N/A,0.584
5187,2003156,1302828.0,156,Kempapura Agrahara,2003,42.91,0.1853,0.0534,-0.2391,375,0.5799999999999983,High,High,Moderate,Hot,High-priority combined heat hotspot,High built-up surface signal,Low vegetation signal,Very High,"Roof, pavement, canopy and commercial-building audit",Cool roofs + tree canopy + shaded parking + pavement changes,"Lower roof/pavement temperature, shade improvement, lower cooling demand","Glass ratio, AC waste heat and road density are not measured in current data",0.822
5250,2003187,1302859.0,187,Adugodi,2003,41.25,0.3527,-0.0584,-0.3857,2308,-1.0799999999999983,Low,Low,Low,Average/Cool,Cooler than city average,N/A,N/A,N/A,N/A,N/A,N/A,N/A,0.461
5071,2003098,1302770.0,98,Kacharkanahalli,2003,42.49,0.251,0.0158,-0.3098,1814,0.1600000000000037,High,High,Moderate,Hot,High-priority combined heat hotspot,High built-up surface signal,Low vegetation signal,Very High,"Roof, pavement, canopy and commercial-building audit",Cool roofs + tree canopy + shaded parking + pavement changes,"Lower roof/pavement temperature, shade improvement, lower cooling demand","Glass ratio, AC waste heat and road density are not measured in current data",0.706
5246,2003185,1302857.0,185,Ejipura,2003,41.92,0.2221,0.0321,-0.2828,1174,-0.4099999999999966,High,High,Moderate,Average/Cool,Cooler than city average,N/A,N/A,N/A,N/A,N/A,N/A,N/A,0.713
5074,2003099,1302771.0,99,HRBR Layout,2003,41.61,0.2752,-0.0139,-0.3274,2322,-0.7199999999999989,Low,High,Moderate,Average/Cool,Cooler than city average,N/A,N/A,N/A,N/A,N/A,N/A,N/A,0.595
5023,2003074,1302746.0,74,Kaval Bairasandra,2003,41.38,0.3612,-0.0495,-0.3994,2335,-0.9499999999999957,Low,Low,Low,Average/Cool,Cooler than city average,N/A,N/A,N/A,N/A,N/A,N/A,N/A,0.478
5227,2003176,1302848.0,176,Someshwara Nagar,2003,41.14,0.3609,-0.0641,-0.3913,1627,-1.1899999999999977,Low,Low,Low,Average/Cool,Cooler than city average,N/A,N/A,N/A,N/A,N/A,N/A,N/A,0.441
5226,2003175,1302847.0,175,Ashoka Pillar,2003,40.32,0.3566,-0.0663,-0.3888,1866,-2.009999999999998,Low,Low,Low,Average/Cool,Cooler than city average,N/A,N/A,N/A,N/A,N/A,N/A,N/A,0.392
5251,2003188,1302860.0,188,Lakkasandra,2003,42.21,0.3581,-0.0574,-0.3892,1972,-0.11999999999999744,Low,Low,Low,Average/Cool,Cooler than city average,N/A,N/A,N/A,N/A,N/A,N/A,N/A,0.515
5230,2003177,1302849.0,177,Hombegowda Nagara,2003,42.19,0.2823,-0.0173,-0.3246,1210,-0.14000000000000057,Low,Low,Moderate,Average/Cool,Cooler than city average,N/A,N/A,N/A,N/A,N/A,N/A,N/A,0.618
5223,2003174,1302846.0,174,Vishveshwara Puram,2003,40.21,0.3668,-0.0865,-0.3834,2764,-2.1199999999999974,Low,Low,Low,Average/Cool,Cooler than city average,N/A,N/A,N/A,N/A,N/A,N/A,N/A,0.346
5075,2003100,1302772.0,100,Banasavadi,2003,41.98,0.2772,-0.0127,-0.3322,2914,-0.3500000000000014,Low,High,Low,Average/Cool,Cooler than city average,N/A,N/A,N/A,N/A,N/A,N/A,N/A,0.618
5063,2003094,1302766.0,94,Hennur,2003,42.82,0.2646,0.0126,-0.323,3964,0.490000000000002,High,High,Moderate,Hot,High-priority combined heat hotspot,High built-up surface signal,Low vegetation signal,Very High,"Roof, pavement, canopy and commercial-building audit",Cool roofs + tree canopy + shaded parking + pavement changes,"Lower roof/pavement temperature, shade improvement, lower cooling demand","Glass ratio, AC waste heat and road density are not measured in current data",0.713
5035,2003080,1302752.0,80,Pulikeshinagar,2003,40.65,0.3523,-0.0585,-0.3891,2459,-1.6799999999999997,Low,Low,Low,Average/Cool,Cooler than city average,N/A,N/A,N/A,N/A,N/A,N/A,N/A,0.426
4899,2003012,1303150.0,12,Kodigehalli,2003,41.67,0.2923,-0.0094,-0.3526,2704,-0.6599999999999966,Low,Low,Low,Average/Cool,Cooler than city average,N/A,N/A,N/A,N/A,N/A,N/A,N/A,0.598
4891,2003008,1303146.0,8,Jakkuru,2003,42.38,0.2845,-0.0236,-0.3401,12934,0.05000000000000426,Low,Low,Low,Hot,Potential moisture-deficit zone,Limited visible wetness/moisture signal,None,Medium,"Verify lakes, drains, soil sealing, runoff","Blue-green infrastructure, rain gardens, permeable areas",Improved stormwater retention and local cooling,Does not directly measure drinking water or groundwater scarcity,0.621
4890,2003007,1303145.0,7,Thanisandra,2003,43.97,0.2711,0.0272,-0.3431,4575,1.6400000000000006,High,High,Low,Extreme,High-priority combined heat hotspot,High built-up surface signal,Low vegetation signal,Very High,"Roof, pavement, canopy and commercial-building audit",Cool roofs + tree canopy + shaded parking + pavement changes,"Lower roof/pavement temperature, shade improvement, lower cooling demand","Glass ratio, AC waste heat and road density are not measured in current data",0.803
4895,2003010,1303148.0,10,Kempapura,2003,42.08,0.3172,-0.0216,-0.3733,6499,-0.25,Low,Low,Low,Average/Cool,Cooler than city average,N/A,N/A,N/A,N/A,N/A,N/A,N/A,0.589
4894,2003009,1303147.0,9,Amrutahalli,2003,42.62,0.2723,0.0089,-0.341,4394,0.28999999999999915,High,High,Low,Hot,High-priority combined heat hotspot,High built-up surface signal,Low vegetation signal,Very High,"Roof, pavement, canopy and commercial-building audit",Cool roofs + tree canopy + shaded parking + pavement changes,"Lower roof/pavement temperature, shade improvement, lower cooling demand","Glass ratio, AC waste heat and road density are not measured in current data",0.694
5082,2003103,1302775.0,103,Maruthi Seva Nagar,2003,41.87,0.3394,-0.0346,-0.3878,1989,-0.46000000000000085,Low,Low,Low,Average/Cool,Cooler than city average,N/A,N/A,N/A,N/A,N/A,N/A,N/A,0.544
5270,2003197,1302869.0,197,Shakambari Nagar,2003,40.08,0.3449,-0.0664,-0.3821,2456,-2.25,Low,Low,Low,Average/Cool,Cooler than city average,N/A,N/A,N/A,N/A,N/A,N/A,N/A,0.385
5034,2003079,1302751.0,79,Sagayarapuram,2003,42.07,0.2954,-0.0155,-0.347,890,-0.259999999999998,Low,Low,Low,Average/Cool,Cooler than city average,N/A,N/A,N/A,N/A,N/A,N/A,N/A,0.609
5078,2003101,1302773.0,101,Kammanahalli,2003,42.85,0.2079,0.0363,-0.2743,909,0.5200000000000031,High,High,Moderate,Hot,High-priority combined heat hotspot,High built-up surface signal,Low vegetation signal,Very High,"Roof, pavement, canopy and commercial-building audit",Cool roofs + tree canopy + shaded parking + pavement changes,"Lower roof/pavement temperature, shade improvement, lower cooling demand","Glass ratio, AC waste heat and road density are not measured in current data",0.783
5026,2003075,1302747.0,75,Kushal Nagar,2003,43.02,0.2167,0.0341,-0.2753,995,0.6900000000000048,High,High,Moderate,Hot,High-priority combined heat hotspot,High built-up surface signal,Low vegetation signal,Very High,"Roof, pavement, canopy and commercial-building audit",Cool roofs + tree canopy + shaded parking + pavement changes,"Lower roof/pavement temperature, shade improvement, lower cooling demand","Glass ratio, AC waste heat and road density are not measured in current data",0.784
5079,2003102,1302774.0,102,Lingarajapura,2003,41.82,0.2745,-0.0068,-0.3292,1589,-0.509999999999998,Low,High,Moderate,Average/Cool,Cooler than city average,N/A,N/A,N/A,N/A,N/A,N/A,N/A,0.619
5070,2003097,1302769.0,97,Venkateshpura,2003,43.55,0.2088,0.0531,-0.2721,665,1.2199999999999989,High,High,Moderate,Extreme,High-priority combined heat hotspot,High built-up surface signal,Low vegetation signal,Very High,"Roof, pavement, canopy and commercial-building audit",Cool roofs + tree canopy + shaded parking + pavement changes,"Lower roof/pavement temperature, shade improvement, lower cooling demand","Glass ratio, AC waste heat and road density are not measured in current data",0.849
5030,2003077,1302749.0,77,Devara Jeevanahalli,2003,44.42,0.2215,0.0615,-0.285,456,2.0900000000000034,High,High,Moderate,Extreme,High-priority combined heat hotspot,High built-up surface signal,Low vegetation signal,Very High,"Roof, pavement, canopy and commercial-building audit",Cool roofs + tree canopy + shaded parking + pavement changes,"Lower roof/pavement temperature, shade improvement, lower cooling demand","Glass ratio, AC waste heat and road density are not measured in current data",0.906
5027,2003076,1302748.0,76,Muneshwara Nagar,2003,44.08,0.2056,0.0599,-0.2645,572,1.75,High,High,Moderate,Extreme,High-priority combined heat hotspot,High built-up surface signal,Low vegetation signal,Very High,"Roof, pavement, canopy and commercial-building audit",Cool roofs + tree canopy + shaded parking + pavement changes,"Lower roof/pavement temperature, shade improvement, lower cooling demand","Glass ratio, AC waste heat and road density are not measured in current data",0.891
5031,2003078,1302750.0,78,S K Garden,2003,42.75,0.3361,0.0002,-0.3807,1062,0.4200000000000017,High,Low,Low,Hot,Built-up surface dominated heat,Built-up/impervious heat absorption,None,High,"Map roofs, asphalt, parking, dense commercial parcels","Cool roofs, pavement shading, reflective/permeable surfaces","Lower surface temperatures, reduced heat absorption",Roof materials and specific built structures are unknown,0.65
5266,2003195,1302867.0,195,Tilak Nagar,2003,42.47,0.2579,0.0026,-0.3071,784,0.14000000000000057,High,High,Moderate,Hot,High-priority combined heat hotspot,High built-up surface signal,Low vegetation signal,Very High,"Roof, pavement, canopy and commercial-building audit",Cool roofs + tree canopy + shaded parking + pavement changes,"Lower roof/pavement temperature, shade improvement, lower cooling demand","Glass ratio, AC waste heat and road density are not measured in current data",0.679
5263,2003194,1302866.0,194,Gurappanapalya,2003,42.42,0.191,0.037,-0.2531,761,0.09000000000000341,High,High,Moderate,Hot,High-priority combined heat hotspot,High built-up surface signal,Low vegetation signal,Very High,"Roof, pavement, canopy and commercial-building audit",Cool roofs + tree canopy + shaded parking + pavement changes,"Lower roof/pavement temperature, shade improvement, lower cooling demand","Glass ratio, AC waste heat and road density are not measured in current data",0.767
5267,2003196,1302868.0,196,Byrasandra,2003,40.15,0.3449,-0.0677,-0.3794,2447,-2.1799999999999997,Low,Low,Low,Average/Cool,Cooler than city average,N/A,N/A,N/A,N/A,N/A,N/A,N/A,0.386
5258,2003191,1302863.0,191,Jakkasandra,2003,41.18,0.3346,-0.0386,-0.3777,1690,-1.1499999999999986,Low,Low,Low,Average/Cool,Cooler than city average,N/A,N/A,N/A,N/A,N/A,N/A,N/A,0.499
5254,2003189,1302861.0,189,Suddagunte Palya,2003,42.28,0.2657,0.0013,-0.3125,1648,-0.04999999999999716,High,High,Moderate,Average/Cool,Cooler than city average,N/A,N/A,N/A,N/A,N/A,N/A,N/A,0.662
5222,2003173,1302845.0,173,Sunkenahalli,2003,41.33,0.2869,-0.0232,-0.3328,1642,-1.0,Low,Low,Low,Average/Cool,Cooler than city average,N/A,N/A,N/A,N/A,N/A,N/A,N/A,0.557
5247,2003186,1302858.0,186,Koramangala,2003,40.47,0.358,-0.065,-0.3964,3583,-1.8599999999999994,Low,Low,Low,Average/Cool,Cooler than city average,N/A,N/A,N/A,N/A,N/A,N/A,N/A,0.403
4887,2003006,1303144.0,6,Kogilu,2003,43.19,0.2929,0.0109,-0.366,18072,0.8599999999999994,High,Low,Low,Hot,Built-up surface dominated heat,Built-up/impervious heat absorption,None,High,"Map roofs, asphalt, parking, dense commercial parcels","Cool roofs, pavement shading, reflective/permeable surfaces","Lower surface temperatures, reduced heat absorption",Roof materials and specific built structures are unknown,0.72
5215,2003170,1302842.0,170,Azad Nagar,2003,42.76,0.2612,0.01,-0.3036,755,0.4299999999999997,High,High,Moderate,Hot,High-priority combined heat hotspot,High built-up surface signal,Low vegetation signal,Very High,"Roof, pavement, canopy and commercial-building audit",Cool roofs + tree canopy + shaded parking + pavement changes,"Lower roof/pavement temperature, shade improvement, lower cooling demand","Glass ratio, AC waste heat and road density are not measured in current data",0.705
5206,2003165,1302837.0,165,Chamrajapet,2003,42.86,0.2675,0.0075,-0.3125,1722,0.5300000000000011,High,High,Moderate,Hot,High-priority combined heat hotspot,High built-up surface signal,Low vegetation signal,Very High,"Roof, pavement, canopy and commercial-building audit",Cool roofs + tree canopy + shaded parking + pavement changes,"Lower roof/pavement temperature, shade improvement, lower cooling demand","Glass ratio, AC waste heat and road density are not measured in current data",0.704
5067,2003096,1302768.0,96,Kadugondanahalli,2003,43.71,0.2323,0.0413,-0.2924,1454,1.3800000000000026,High,High,Moderate,Extreme,High-priority combined heat hotspot,High built-up surface signal,Low vegetation signal,Very High,"Roof, pavement, canopy and commercial-building audit",Cool roofs + tree canopy + shaded parking + pavement changes,"Lower roof/pavement temperature, shade improvement, lower cooling demand","Glass ratio, AC waste heat and road density are not measured in current data",0.827
5095,2003110,1302782.0,110,Whitefield,2003,42.71,0.2993,-0.0023,-0.3602,12206,0.38000000000000256,High,Low,Low,Hot,Built-up surface dominated heat,Built-up/impervious heat absorption,None,High,"Map roofs, asphalt, parking, dense commercial parcels","Cool roofs, pavement shading, reflective/permeable surfaces","Lower surface temperatures, reduced heat absorption",Roof materials and specific built structures are unknown,0.666
4935,2003030,1302702.0,30,Herohalli,2003,42.68,0.2758,0.0099,-0.3291,3217,0.3500000000000014,High,High,Moderate,Hot,High-priority combined heat hotspot,High built-up surface signal,Low vegetation signal,Very High,"Roof, pavement, canopy and commercial-building audit",Cool roofs + tree canopy + shaded parking + pavement changes,"Lower roof/pavement temperature, shade improvement, lower cooling demand","Glass ratio, AC waste heat and road density are not measured in current data",0.694
4931,2003028,1302700.0,28,Dodda Bidarakallu,2003,42.19,0.2393,0.0526,-0.3195,3029,-0.14000000000000057,High,High,Moderate,Average/Cool,Cooler than city average,N/A,N/A,N/A,N/A,N/A,N/A,N/A,0.755
6954,2003219,,219,Vasanthpura,2003,42.34,0.3027,-0.0187,-0.3539,3848,0.010000000000005116,Low,Low,Low,Hot,Potential moisture-deficit zone,Limited visible wetness/moisture signal,None,Medium,"Verify lakes, drains, soil sealing, runoff","Blue-green infrastructure, rain gardens, permeable areas",Improved stormwater retention and local cooling,Does not directly measure drinking water or groundwater scarcity,0.616
6955,2003232,,232,HSR - Singasandra,2003,43.53,0.2375,0.0269,-0.2946,3627,1.2000000000000028,High,High,Moderate,Extreme,High-priority combined heat hotspot,High built-up surface signal,Low vegetation signal,Very High,"Roof, pavement, canopy and commercial-building audit",Cool roofs + tree canopy + shaded parking + pavement changes,"Lower roof/pavement temperature, shade improvement, lower cooling demand","Glass ratio, AC waste heat and road density are not measured in current data",0.791
5107,2003116,1302788.0,116,Doddakanahalli,2003,42.02,0.2964,-0.0118,-0.3493,13986,-0.30999999999999517,Low,Low,Low,Average/Cool,Cooler than city average,N/A,N/A,N/A,N/A,N/A,N/A,N/A,0.611
5194,2003159,1302831.0,159,Hampi Nagar,2003,41.09,0.2997,-0.0365,-0.3382,1331,-1.2399999999999949,Low,Low,Low,Average/Cool,Cooler than city average,N/A,N/A,N/A,N/A,N/A,N/A,N/A,0.514
5191,2003158,1302830.0,158,Hosahalli,2003,41.86,0.2409,0.0004,-0.2901,797,-0.46999999999999886,High,High,Moderate,Average/Cool,Cooler than city average,N/A,N/A,N/A,N/A,N/A,N/A,N/A,0.649
5203,2003164,1302836.0,164,Avalahalli,2003,43.11,0.2434,0.0287,-0.2851,1184,0.7800000000000011,High,High,Moderate,Hot,High-priority combined heat hotspot,High built-up surface signal,Low vegetation signal,Very High,"Roof, pavement, canopy and commercial-building audit",Cool roofs + tree canopy + shaded parking + pavement changes,"Lower roof/pavement temperature, shade improvement, lower cooling demand","Glass ratio, AC waste heat and road density are not measured in current data",0.763
5199,2003162,1302834.0,162,Gali Anjenaya Temple ward,2003,42.89,0.2707,0.0107,-0.3101,1300,0.5600000000000023,High,High,Moderate,Hot,High-priority combined heat hotspot,High built-up surface signal,Low vegetation signal,Very High,"Roof, pavement, canopy and commercial-building audit",Cool roofs + tree canopy + shaded parking + pavement changes,"Lower roof/pavement temperature, shade improvement, lower cooling demand","Glass ratio, AC waste heat and road density are not measured in current data",0.708
5202,2003163,1302835.0,163,Veerabhadranagar,2003,43.66,0.261,0.0227,-0.3169,1651,1.3299999999999983,High,High,Moderate,Extreme,High-priority combined heat hotspot,High built-up surface signal,Low vegetation signal,Very High,"Roof, pavement, canopy and commercial-building audit",Cool roofs + tree canopy + shaded parking + pavement changes,"Lower roof/pavement temperature, shade improvement, lower cooling demand","Glass ratio, AC waste heat and road density are not measured in current data",0.78
5219,2003172,1302844.0,172,Dharmaraya Swamy Temple Ward,2003,43.2,0.2358,0.0315,-0.2809,1508,0.8700000000000045,High,High,Moderate,Hot,High-priority combined heat hotspot,High built-up surface signal,Low vegetation signal,Very High,"Roof, pavement, canopy and commercial-building audit",Cool roofs + tree canopy + shaded parking + pavement changes,"Lower roof/pavement temperature, shade improvement, lower cooling demand","Glass ratio, AC waste heat and road density are not measured in current data",0.777
5218,2003171,1302843.0,171,Sudham Nagara,2003,43.45,0.2335,0.0348,-0.2793,1185,1.1200000000000045,High,High,Moderate,Extreme,High-priority combined heat hotspot,High built-up surface signal,Low vegetation signal,Very High,"Roof, pavement, canopy and commercial-building audit",Cool roofs + tree canopy + shaded parking + pavement changes,"Lower roof/pavement temperature, shade improvement, lower cooling demand","Glass ratio, AC waste heat and road density are not measured in current data",0.798
5235,2003180,1302852.0,180,Agaram,2003,41.28,0.416,-0.041,-0.4559,11381,-1.0499999999999972,Low,Low,Low,Average/Cool,Cooler than city average,N/A,N/A,N/A,N/A,N/A,N/A,N/A,0.457
5094,2003109,1302781.0,109,AECS Layout,2003,42.17,0.2468,0.0016,-0.3064,2668,-0.1599999999999966,High,High,Moderate,Average/Cool,Cooler than city average,N/A,N/A,N/A,N/A,N/A,N/A,N/A,0.668
5091,2003108,1302780.0,108,Dodda Nekkundi,2003,42.23,0.2947,-0.0151,-0.3442,6332,-0.10000000000000142,Low,Low,Low,Average/Cool,Cooler than city average,N/A,N/A,N/A,N/A,N/A,N/A,N/A,0.619
5083,2003104,1302776.0,104,Kadugodi,2003,43.42,0.3281,-0.0106,-0.3952,5964,1.0900000000000034,Low,Low,Low,Extreme,Potential moisture-deficit zone,Limited visible wetness/moisture signal,None,Medium,"Verify lakes, drains, soil sealing, runoff","Blue-green infrastructure, rain gardens, permeable areas",Improved stormwater retention and local cooling,Does not directly measure drinking water or groundwater scarcity,0.681
5086,2003105,1302777.0,105,Belathur,2003,44.1,0.2843,0.0219,-0.357,16063,1.7700000000000031,High,Low,Low,Extreme,Built-up surface dominated heat,Built-up/impervious heat absorption,None,High,"Map roofs, asphalt, parking, dense commercial parcels","Cool roofs, pavement shading, reflective/permeable surfaces","Lower surface temperatures, reduced heat absorption",Roof materials and specific built structures are unknown,0.795
6956,2003235,,235,Bommanahalli,2003,42.87,0.2069,0.044,-0.2644,1083,0.5399999999999991,High,High,Moderate,Hot,High-priority combined heat hotspot,High built-up surface signal,Low vegetation signal,Very High,"Roof, pavement, canopy and commercial-building audit",Cool roofs + tree canopy + shaded parking + pavement changes,"Lower roof/pavement temperature, shade improvement, lower cooling demand","Glass ratio, AC waste heat and road density are not measured in current data",0.795
6957,2003234,,234,Hongasandra,2003,43.3,0.1871,0.0527,-0.2472,728,0.9699999999999989,High,High,Moderate,Hot,High-priority combined heat hotspot,High built-up surface signal,Low vegetation signal,Very High,"Roof, pavement, canopy and commercial-building audit",Cool roofs + tree canopy + shaded parking + pavement changes,"Lower roof/pavement temperature, shade improvement, lower cooling demand","Glass ratio, AC waste heat and road density are not measured in current data",0.845
6958,2003233,,233,Rupenaagrahara,2003,43.7,0.2361,0.0389,-0.2979,3270,1.3700000000000045,High,High,Moderate,Extreme,High-priority combined heat hotspot,High built-up surface signal,Low vegetation signal,Very High,"Roof, pavement, canopy and commercial-building audit",Cool roofs + tree canopy + shaded parking + pavement changes,"Lower roof/pavement temperature, shade improvement, lower cooling demand","Glass ratio, AC waste heat and road density are not measured in current data",0.821
6959,2003237,,237,Bilekhalli,2003,39.16,0.3796,-0.127,-0.387,3115,-3.1700000000000017,Low,Low,Low,Average/Cool,Cooler than city average,N/A,N/A,N/A,N/A,N/A,N/A,N/A,0.214
6960,2003240,,240,Vinayakanagar,2003,41.15,0.3007,-0.0246,-0.3426,2756,-1.1799999999999997,Low,Low,Low,Average/Cool,Cooler than city average,N/A,N/A,N/A,N/A,N/A,N/A,N/A,0.536
6961,2003209,,209,Hosakerehalli,2003,41.87,0.2395,0.0056,-0.2931,991,-0.46000000000000085,High,High,Moderate,Average/Cool,Cooler than city average,N/A,N/A,N/A,N/A,N/A,N/A,N/A,0.659
6962,2003207,,207,Kamakya Nagar,2003,42.42,0.228,0.0027,-0.2841,864,0.09000000000000341,High,High,Moderate,Hot,High-priority combined heat hotspot,High built-up surface signal,Low vegetation signal,Very High,"Roof, pavement, canopy and commercial-building audit",Cool roofs + tree canopy + shaded parking + pavement changes,"Lower roof/pavement temperature, shade improvement, lower cooling demand","Glass ratio, AC waste heat and road density are not measured in current data",0.694
6963,2003208,,208,Deen Dayalu Ward,2003,41.49,0.2404,-0.0026,-0.2922,878,-0.8399999999999963,High,High,Moderate,Average/Cool,Cooler than city average,N/A,N/A,N/A,N/A,N/A,N/A,N/A,0.624
5066,2003095,1302767.0,95,Nagavara,2003,44.17,0.1894,0.0651,-0.257,1065,1.8400000000000034,High,High,Moderate,Extreme,High-priority combined heat hotspot,High built-up surface signal,Low vegetation signal,Very High,"Roof, pavement, canopy and commercial-building audit",Cool roofs + tree canopy + shaded parking + pavement changes,"Lower roof/pavement temperature, shade improvement, lower cooling demand","Glass ratio, AC waste heat and road density are not measured in current data",0.915
4907,2003016,1303154.0,16,Kammagondanahalli,2003,40.56,0.2789,0.0333,-0.3584,3091,-1.769999999999996,High,High,Low,Average/Cool,Cooler than city average,N/A,N/A,N/A,N/A,N/A,N/A,N/A,0.609
5127,2003126,1302798.0,126,Ramaswamy Palya,2003,40.73,0.2983,-0.0239,-0.3477,1064,-1.6000000000000014,Low,Low,Low,Average/Cool,Cooler than city average,N/A,N/A,N/A,N/A,N/A,N/A,N/A,0.515
5130,2003127,1302799.0,127,Jayamahal,2003,40.67,0.3629,-0.0532,-0.3933,1511,-1.6599999999999966,Low,Low,Low,Average/Cool,Cooler than city average,N/A,N/A,N/A,N/A,N/A,N/A,N/A,0.429
5131,2003128,1302800.0,128,Vasanth Nagar,2003,39.95,0.4072,-0.0936,-0.4293,4840,-2.3799999999999955,Low,Low,Low,Average/Cool,Cooler than city average,N/A,N/A,N/A,N/A,N/A,N/A,N/A,0.299
5255,2003190,1302862.0,190,Madivala,2003,41.74,0.2576,0.0009,-0.2995,1139,-0.5899999999999963,High,High,Moderate,Average/Cool,Cooler than city average,N/A,N/A,N/A,N/A,N/A,N/A,N/A,0.633
5259,2003192,1302864.0,192,BTM Layout,2003,41.21,0.2726,-0.0177,-0.3216,1636,-1.1199999999999974,Low,High,Moderate,Average/Cool,Cooler than city average,N/A,N/A,N/A,N/A,N/A,N/A,N/A,0.566
5262,2003193,1302865.0,193,N S Palya,2003,41.59,0.2615,-0.0055,-0.3123,1517,-0.7399999999999949,Low,High,Moderate,Average/Cool,Cooler than city average,N/A,N/A,N/A,N/A,N/A,N/A,N/A,0.614
5007,2003066,1302738.0,66,Radhakrishna Temple Ward,2003,40.13,0.3376,-0.0539,-0.3842,2166,-2.1999999999999957,Low,Low,Low,Average/Cool,Cooler than city average,N/A,N/A,N/A,N/A,N/A,N/A,N/A,0.413
5010,2003067,1302739.0,67,Sanjaya Nagar,2003,41.81,0.3522,-0.0313,-0.4045,3450,-0.519999999999996,Low,Low,Low,Average/Cool,Cooler than city average,N/A,N/A,N/A,N/A,N/A,N/A,N/A,0.539
5011,2003068,1302740.0,68,Vishwanath Nagenahalli,2003,43.08,0.2154,0.0353,-0.2851,1124,0.75,High,High,Moderate,Hot,High-priority combined heat hotspot,High built-up surface signal,Low vegetation signal,Very High,"Roof, pavement, canopy and commercial-building audit",Cool roofs + tree canopy + shaded parking + pavement changes,"Lower roof/pavement temperature, shade improvement, lower cooling demand","Glass ratio, AC waste heat and road density are not measured in current data",0.792
5015,2003070,1302742.0,70,Hebbala,2003,41.9,0.2836,-0.0093,-0.3384,1468,-0.4299999999999997,Low,Low,Low,Average/Cool,Cooler than city average,N/A,N/A,N/A,N/A,N/A,N/A,N/A,0.615
5019,2003072,1302744.0,72,Ganga Nagar,2003,41.34,0.2576,0.0064,-0.3131,981,-0.9899999999999949,High,High,Moderate,Average/Cool,Cooler than city average,N/A,N/A,N/A,N/A,N/A,N/A,N/A,0.62
5022,2003073,1302745.0,73,Jayachamarajendra  Nagar,2003,40.28,0.3821,-0.0757,-0.4127,1681,-2.049999999999997,Low,Low,Low,Average/Cool,Cooler than city average,N/A,N/A,N/A,N/A,N/A,N/A,N/A,0.361
5014,2003069,1302741.0,69,Manorayanapalya,2003,42.09,0.2097,0.0289,-0.2753,906,-0.23999999999999488,High,High,Moderate,Average/Cool,Cooler than city average,N/A,N/A,N/A,N/A,N/A,N/A,N/A,0.726
4906,2003015,1303153.0,15,Kuvempunagar,2003,38.51,0.4084,-0.0641,-0.4471,5059,-3.8200000000000003,Low,Low,Low,Average/Cool,Cooler than city average,N/A,N/A,N/A,N/A,N/A,N/A,N/A,0.262
4902,2003013,1303151.0,13,Dodda Bommasandra,2003,40.33,0.4075,-0.0753,-0.4389,4445,-2.0,Low,Low,Low,Average/Cool,Cooler than city average,N/A,N/A,N/A,N/A,N/A,N/A,N/A,0.351
4898,2003011,1303149.0,11,Byatarayanapura,2003,41.68,0.3782,-0.0307,-0.4392,10917,-0.6499999999999986,Low,Low,Low,Average/Cool,Cooler than city average,N/A,N/A,N/A,N/A,N/A,N/A,N/A,0.52
4903,2003014,1303152.0,14,Vidyaranyapura,2003,38.98,0.3191,-0.0541,-0.3732,2457,-3.3500000000000014,Low,Low,Low,Average/Cool,Cooler than city average,N/A,N/A,N/A,N/A,N/A,N/A,N/A,0.356
4911,2003018,1303156.0,18,Bagalakunte,2003,38.51,0.2639,0.0072,-0.3299,770,-3.8200000000000003,High,High,Moderate,Average/Cool,Cooler than city average,N/A,N/A,N/A,N/A,N/A,N/A,N/A,0.454
5098,2003111,1302783.0,111,Hagadur,2003,43.12,0.3158,-0.0036,-0.3836,7399,0.7899999999999991,High,Low,Low,Hot,Built-up surface dominated heat,Built-up/impervious heat absorption,None,High,"Map roofs, asphalt, parking, dense commercial parcels","Cool roofs, pavement shading, reflective/permeable surfaces","Lower surface temperatures, reduced heat absorption",Roof materials and specific built structures are unknown,0.681
5099,2003112,1302784.0,112,Varthuru,2003,43.93,0.3076,0.0178,-0.3808,24448,1.6000000000000014,High,Low,Low,Extreme,Built-up surface dominated heat,Built-up/impervious heat absorption,None,High,"Map roofs, asphalt, parking, dense commercial parcels","Cool roofs, pavement shading, reflective/permeable surfaces","Lower surface temperatures, reduced heat absorption",Roof materials and specific built structures are unknown,0.767
5102,2003113,1302785.0,113,Munnekollala,2003,44.52,0.239,0.0578,-0.322,10453,2.190000000000005,High,High,Moderate,Extreme,High-priority combined heat hotspot,High built-up surface signal,Low vegetation signal,Very High,"Roof, pavement, canopy and commercial-building audit",Cool roofs + tree canopy + shaded parking + pavement changes,"Lower roof/pavement temperature, shade improvement, lower cooling demand","Glass ratio, AC waste heat and road density are not measured in current data",0.901
6964,2003199,,199,Sarakki,2003,41.28,0.29,-0.0236,-0.3377,1711,-1.0499999999999972,Low,Low,Low,Average/Cool,Cooler than city average,N/A,N/A,N/A,N/A,N/A,N/A,N/A,0.552
5271,2003198,1302870.0,198,J P Nagar,2003,41.31,0.294,-0.0297,-0.3409,2160,-1.019999999999996,Low,Low,Low,Average/Cool,Cooler than city average,N/A,N/A,N/A,N/A,N/A,N/A,N/A,0.542
5038,2003081,1302753.0,81,Horamavu,2003,42.66,0.3184,-0.016,-0.3767,13206,0.3299999999999983,Low,Low,Low,Hot,Potential moisture-deficit zone,Limited visible wetness/moisture signal,None,Medium,"Verify lakes, drains, soil sealing, runoff","Blue-green infrastructure, rain gardens, permeable areas",Improved stormwater retention and local cooling,Does not directly measure drinking water or groundwater scarcity,0.632
5039,2003082,1302754.0,82,Babusab Palya,2003,42.23,0.2475,0.0113,-0.3085,3004,-0.10000000000000142,High,High,Moderate,Average/Cool,Cooler than city average,N/A,N/A,N/A,N/A,N/A,N/A,N/A,0.686
5042,2003083,1302755.0,83,Kalkere,2003,43.94,0.2339,0.0375,-0.3055,8896,1.6099999999999994,High,High,Moderate,Extreme,High-priority combined heat hotspot,High built-up surface signal,Low vegetation signal,Very High,"Roof, pavement, canopy and commercial-building audit",Cool roofs + tree canopy + shaded parking + pavement changes,"Lower roof/pavement temperature, shade improvement, lower cooling demand","Glass ratio, AC waste heat and road density are not measured in current data",0.836
5050,2003087,1302759.0,87,Medahalli,2003,43.67,0.2366,0.0264,-0.3065,3645,1.3400000000000034,High,High,Moderate,Extreme,High-priority combined heat hotspot,High built-up surface signal,Low vegetation signal,Very High,"Roof, pavement, canopy and commercial-building audit",Cool roofs + tree canopy + shaded parking + pavement changes,"Lower roof/pavement temperature, shade improvement, lower cooling demand","Glass ratio, AC waste heat and road density are not measured in current data",0.802
5043,2003084,1302756.0,84,Ramamurthy Nagara,2003,42.75,0.2183,0.0234,-0.285,2224,0.4200000000000017,High,High,Moderate,Hot,High-priority combined heat hotspot,High built-up surface signal,Low vegetation signal,Very High,"Roof, pavement, canopy and commercial-building audit",Cool roofs + tree canopy + shaded parking + pavement changes,"Lower roof/pavement temperature, shade improvement, lower cooling demand","Glass ratio, AC waste heat and road density are not measured in current data",0.752
5046,2003085,1302757.0,85,Vijinapura,2003,42.96,0.2364,0.0234,-0.2975,1645,0.6300000000000026,High,High,Moderate,Hot,High-priority combined heat hotspot,High built-up surface signal,Low vegetation signal,Very High,"Roof, pavement, canopy and commercial-building audit",Cool roofs + tree canopy + shaded parking + pavement changes,"Lower roof/pavement temperature, shade improvement, lower cooling demand","Glass ratio, AC waste heat and road density are not measured in current data",0.754
5047,2003086,1302758.0,86,K R Puram,2003,41.86,0.3394,-0.0514,-0.3732,4918,-0.46999999999999886,Low,Low,Low,Average/Cool,Cooler than city average,N/A,N/A,N/A,N/A,N/A,N/A,N/A,0.515
5051,2003088,1302760.0,88,Basavanapura,2003,42.84,0.2677,-0.0103,-0.3264,5562,0.5100000000000051,Low,High,Moderate,Hot,Low vegetation/shade heat,Low shade and evapotranspiration,None,High,"Identify canopy-poor roads, schools, markets, bus stops","Native trees, pocket parks, shaded walkways","Improved shading, higher evapotranspiration cooling",Exact tree canopy locations need verification,0.678
5054,2003089,1302761.0,89,Devasandra,2003,42.62,0.3074,-0.0067,-0.3515,3146,0.28999999999999915,Low,Low,Low,Hot,Potential moisture-deficit zone,Limited visible wetness/moisture signal,None,Medium,"Verify lakes, drains, soil sealing, runoff","Blue-green infrastructure, rain gardens, permeable areas",Improved stormwater retention and local cooling,Does not directly measure drinking water or groundwater scarcity,0.647
5058,2003091,1302763.0,91,A Narayanapura,2003,43.01,0.2227,0.0183,-0.2815,1842,0.6799999999999997,High,High,Moderate,Hot,High-priority combined heat hotspot,High built-up surface signal,Low vegetation signal,Very High,"Roof, pavement, canopy and commercial-building audit",Cool roofs + tree canopy + shaded parking + pavement changes,"Lower roof/pavement temperature, shade improvement, lower cooling demand","Glass ratio, AC waste heat and road density are not measured in current data",0.756
5055,2003090,1302762.0,90,Mahadevapura,2003,42.33,0.2674,-0.0028,-0.3236,4072,0.0,High,High,Moderate,Average/Cool,Cooler than city average,N/A,N/A,N/A,N/A,N/A,N/A,N/A,0.659
5059,2003092,1302764.0,92,Vijnana Nagar,2003,42.24,0.2911,-0.0028,-0.3472,2264,-0.0899999999999963,High,Low,Low,Average/Cool,Cooler than city average,N/A,N/A,N/A,N/A,N/A,N/A,N/A,0.641
6965,2003227,,227,Begur,2003,43.91,0.2733,0.0138,-0.3343,7912,1.5799999999999983,High,High,Low,Extreme,High-priority combined heat hotspot,High built-up surface signal,Low vegetation signal,Very High,"Roof, pavement, canopy and commercial-building audit",Cool roofs + tree canopy + shaded parking + pavement changes,"Lower roof/pavement temperature, shade improvement, lower cooling demand","Glass ratio, AC waste heat and road density are not measured in current data",0.775
6966,2003226,,226,Kalena Agrahara,2003,43.44,0.323,0.0098,-0.3789,11484,1.1099999999999994,High,Low,Low,Extreme,Built-up surface dominated heat,Built-up/impervious heat absorption,None,High,"Map roofs, asphalt, parking, dense commercial parcels","Cool roofs, pavement shading, reflective/permeable surfaces","Lower surface temperatures, reduced heat absorption",Roof materials and specific built structures are unknown,0.714
6967,2003217,,217,Uttarahalli,2003,42.83,0.2351,0.0085,-0.2962,1477,0.5,High,High,Moderate,Hot,High-priority combined heat hotspot,High built-up surface signal,Low vegetation signal,Very High,"Roof, pavement, canopy and commercial-building audit",Cool roofs + tree canopy + shaded parking + pavement changes,"Lower roof/pavement temperature, shade improvement, lower cooling demand","Glass ratio, AC waste heat and road density are not measured in current data",0.724
6968,2003206,,206,Padmanabha Nagar,2003,41.92,0.2736,-0.018,-0.3249,1487,-0.4099999999999966,Low,High,Moderate,Average/Cool,Cooler than city average,N/A,N/A,N/A,N/A,N/A,N/A,N/A,0.608
6969,2003202,,202,Ganesh Mandir ward,2003,40.92,0.3131,-0.0551,-0.3566,1841,-1.4099999999999966,Low,Low,Low,Average/Cool,Cooler than city average,N/A,N/A,N/A,N/A,N/A,N/A,N/A,0.47
6970,2003203,,203,Banashankari Temple ward,2003,41.95,0.2682,0.0152,-0.3104,644,-0.37999999999999545,High,High,Moderate,Average/Cool,Cooler than city average,N/A,N/A,N/A,N/A,N/A,N/A,N/A,0.661
5167,2003146,1302818.0,146,Dr. Raj Kumar Ward,2003,42.55,0.2793,-0.0049,-0.3184,1468,0.21999999999999886,Low,Low,Moderate,Hot,Data-insufficient hotspot,Unknown,Unknown,Low,Comprehensive field/building audit required,Pending audit results,TBD,Current satellite indicators do not explain this heat pattern,0.659
5170,2003147,1302819.0,147,Agrahara Dasarahalli,2003,42.05,0.251,-0.0044,-0.2996,762,-0.28000000000000114,Low,High,Moderate,Average/Cool,Cooler than city average,N/A,N/A,N/A,N/A,N/A,N/A,N/A,0.648
5174,2003149,1302821.0,149,Kaveripura,2003,44.4,0.2322,0.0547,-0.2912,1239,2.0700000000000003,High,High,Moderate,Extreme,High-priority combined heat hotspot,High built-up surface signal,Low vegetation signal,Very High,"Roof, pavement, canopy and commercial-building audit",Cool roofs + tree canopy + shaded parking + pavement changes,"Lower roof/pavement temperature, shade improvement, lower cooling demand","Glass ratio, AC waste heat and road density are not measured in current data",0.888
5171,2003148,1302820.0,148,Govindaraja Nagar,2003,41.41,0.2658,-0.0193,-0.3121,907,-0.9200000000000017,Low,High,Moderate,Average/Cool,Cooler than city average,N/A,N/A,N/A,N/A,N/A,N/A,N/A,0.579
5175,2003150,1302822.0,150,Marenahalli,2003,41.44,0.2367,-0.0025,-0.2884,947,-0.8900000000000006,High,High,Moderate,Average/Cool,Cooler than city average,N/A,N/A,N/A,N/A,N/A,N/A,N/A,0.623
5178,2003151,1302823.0,151,Maruthi Mandir ward,2003,41.47,0.2629,-0.0241,-0.3121,892,-0.8599999999999994,Low,High,Moderate,Average/Cool,Cooler than city average,N/A,N/A,N/A,N/A,N/A,N/A,N/A,0.577
5179,2003152,1302824.0,152,Mudalapalya,2003,42.16,0.2184,0.0166,-0.2707,707,-0.1700000000000017,High,High,Moderate,Average/Cool,Cooler than city average,N/A,N/A,N/A,N/A,N/A,N/A,N/A,0.704
5182,2003153,1302825.0,153,Nagarabhavi,2003,41.39,0.3268,-0.0415,-0.3661,1576,-0.9399999999999977,Low,Low,Low,Average/Cool,Cooler than city average,N/A,N/A,N/A,N/A,N/A,N/A,N/A,0.51
5183,2003154,1302826.0,154,Chandra Layout,2003,42.08,0.3328,-0.024,-0.3759,1777,-0.25,Low,Low,Low,Average/Cool,Cooler than city average,N/A,N/A,N/A,N/A,N/A,N/A,N/A,0.575
5186,2003155,1302827.0,155,Nayandahalli,2003,43.21,0.2746,0.0074,-0.317,1199,0.8800000000000026,High,High,Moderate,Hot,High-priority combined heat hotspot,High built-up surface signal,Low vegetation signal,Very High,"Roof, pavement, canopy and commercial-building audit",Cool roofs + tree canopy + shaded parking + pavement changes,"Lower roof/pavement temperature, shade improvement, lower cooling demand","Glass ratio, AC waste heat and road density are not measured in current data",0.72
4914,2003019,1303157.0,19,Defence Colony,2003,39.46,0.2376,0.0257,-0.3027,1121,-2.8699999999999974,High,High,Moderate,Average/Cool,Cooler than city average,N/A,N/A,N/A,N/A,N/A,N/A,N/A,0.552
4946,2003035,1302707.0,35,Hemmigepura,2003,43.35,0.3757,0.0126,-0.4341,36565,1.0200000000000031,High,Low,Low,Extreme,Built-up surface dominated heat,Built-up/impervious heat absorption,None,High,"Map roofs, asphalt, parking, dense commercial parcels","Cool roofs, pavement shading, reflective/permeable surfaces","Lower surface temperatures, reduced heat absorption",Roof materials and specific built structures are unknown,0.685
5239,2003182,1302854.0,182,Shanthi Nagar,2003,41.72,0.3187,-0.0315,-0.3556,1394,-0.6099999999999994,Low,Low,Low,Average/Cool,Cooler than city average,N/A,N/A,N/A,N/A,N/A,N/A,N/A,0.548
5242,2003183,1302855.0,183,Neelasandra,2003,41.03,0.3783,-0.0597,-0.4158,2081,-1.2999999999999972,Low,Low,Low,Average/Cool,Cooler than city average,N/A,N/A,N/A,N/A,N/A,N/A,N/A,0.433
5243,2003184,1302856.0,184,Vannarapete,2003,40.94,0.3188,-0.0249,-0.3671,743,-1.3900000000000006,Low,Low,Low,Average/Cool,Cooler than city average,N/A,N/A,N/A,N/A,N/A,N/A,N/A,0.515
4934,2003029,1302701.0,29,Vidyamanyanagar,2003,42.82,0.2542,0.0383,-0.3268,5547,0.490000000000002,High,High,Moderate,Hot,High-priority combined heat hotspot,High built-up surface signal,Low vegetation signal,Very High,"Roof, pavement, canopy and commercial-building audit",Cool roofs + tree canopy + shaded parking + pavement changes,"Lower roof/pavement temperature, shade improvement, lower cooling demand","Glass ratio, AC waste heat and road density are not measured in current data",0.761
